"word","freq"
"the",936543
"to",787266
"i",722279
"a",609321
"you",547675
"and",438151
"for",385046
"in",377939
"of",359146
"is",358702
"it",294722
"my",291776
"on",276997
"that",234570
"me",202299
"be",187632
"at",186483
"with",173414
"your",171150
"have",168598
"this",164000
"so",162533
"are",158596
"just",151016
"we",133626
"i'm",129307
"but",127756
"not",123834
"like",122019
"all",120940
"was",117363
"out",115138
"up",113869
"what",112484
"get",112319
"do",106659
"if",106535
"love",106175
"good",100749
"will",94681
"about",91166
"day",90071
"can",89733
"thanks",89526
"rt",89300
"it's",84271
"from",83919
"now",83794
"when",82379
"one",82009
"know",79817
"no",77739
"u",77137
"great",75991
"don't",75959
"time",75581
"how",75537
"today",72847
"go",72402
"as",70828
"or",70410
"lol",70026
"they",69844
"new",69622
"see",66954
"an",66069
"more",62917
"our",61953
"some",61559
"there",61026
"too",59124
"by",58944
"back",57989
"he",56352
"got",55884
"going",55776
"who",55578
"think",53929
"people",51955
"would",51804
"need",50910
"us",48946
"happy",48821
"want",48040
"make",47411
"follow",47322
"has",46448
"right",46083
"can't",45816
"really",45563
"tonight",44613
"much",44502
"been",43899
"had",42166
"work",42066
"am",41418
"night",40940
"come",40570
"did",39927
"thank",39622
"only",39548
"them",38751
"why",38707
"well",38477
"still",38270
"you're",37459
"here",37424
"last",37392
"its",37001
"way",36851
"should",36784
"best",36289
"off",36052
"hope",35501
"that's",35092
"his",34142
"her",34064
"never",33665
"life",33487
"oh",33082
"then",32571
"say",32187
"than",31953
"over",31513
"first",31353
"show",31298
"next",31061
"im",30636
"better",30400
"please",30286
"she",30217
"game",30179
"twitter",30006
"always",29250
"week",28924
"tomorrow",28488
"their",28476
"yes",28469
"take",28065
"him",27863
"down",27848
"i'll",27762
"wait",27202
"man",27190
"haha",27187
"any",27149
"where",26902
"year",26865
"were",26501
"could",26437
"morning",26429
"even",26097
"hey",25888
"getting",25810
"very",25535
"looking",25509
"everyone",25126
"sure",25030
"look",25017
"ever",24990
"awesome",24779
"w",24604
"feel",24562
"home",24397
"after",23843
"big",23776
"let",23765
"being",23534
"because",23248
"d",23149
"fun",23018
"again",22695
"keep",22531
"weekend",22431
"nice",22407
"something",22382
"yeah",22045
"i've",22010
"gonna",21719
"into",21695
"thing",21585
"doing",21267
"things",21257
"guys",21048
"school",20914
"bad",20872
"world",20792
"someone",20552
"help",20332
"check",20301
"free",20265
"those",20045
"miss",20000
"does",19836
"every",19781
"tweet",19721
"live",19707
"soon",19642
"watching",19624
"tell",19620
"other",19596
"amazing",19433
"music",19369
"call",19228
"give",19160
"long",19062
"coming",19043
"little",18947
"many",18900
"before",18779
"may",18738
"friends",18700
"made",18637
"days",18536
"stop",18460
"hate",18445
"most",18420
"same",18326
"wish",18290
"said",18118
"didn't",17963
"s",17663
"girl",17603
"done",17570
"start",17539
"find",17381
"ready",17352
"shit",17348
"cool",17147
"we're",17071
"two",16974
"god",16885
"watch",16868
"another",16831
"play",16819
"pretty",16802
"birthday",16347
"also",16333
"old",16311
"real",16261
"anyone",16190
"talk",16166
"these",15991
"win",15976
"use",15884
"excited",15582
"friday",15363
"hear",15284
"working",15218
"what's",15150
"hard",15136
"sorry",15070
"having",15026
"try",15003
"around",14949
"thought",14774
"ur",14771
"team",14556
"while",14508
"already",14497
"maybe",14493
"though",14375
"wanna",14271
"put",14227
"makes",14159
"glad",14122
"ok",13976
"house",13714
"trying",13688
"away",13613
"wow",13598
"beautiful",13552
"ya",13545
"yet",13504
"lot",13498
"forward",13464
"nothing",13450
"dont",13316
"years",13289
"looks",13258
"true",13216
"job",13176
"sleep",13166
"party",13112
"following",13110
"welcome",13077
"let's",13026
"friend",12951
"doesn't",12911
"saw",12900
"everything",12897
"song",12848
"he's",12824
"guy",12712
"through",12674
"mean",12588
"favorite",12522
"might",12389
"making",12383
"ass",12325
"must",12289
"until",12264
"fuck",12206
"name",12150
"stay",12084
"food",12046
"person",11957
"damn",11911
"book",11892
"family",11871
"which",11866
"read",11821
"anything",11760
"class",11746
"actually",11728
"phone",11723
"end",11673
"few",11629
"hit",11566
"omg",11560
"money",11520
"place",11409
"congrats",11371
"n",11279
"mom",11279
"since",11259
"o",11248
"open",11223
"movie",11150
"gotta",11141
"guess",11137
"baby",11120
"playing",10971
"believe",10913
"video",10849
"i'd",10794
"both",10792
"crazy",10754
"season",10733
"change",10711
"such",10653
"hot",10651
"own",10637
"news",10576
"sounds",10543
"support",10539
"run",10538
"remember",10454
"head",10448
"kids",10417
"funny",10414
"talking",10409
"finally",10376
"summer",10250
"left",10244
"meet",10243
"went",10213
"followers",10189
"enjoy",10175
"stuff",10146
"says",10124
"without",10082
"else",10070
"thinking",9997
"part",9990
"enough",9989
"there's",9894
"early",9884
"r",9867
"b",9815
"city",9803
"cause",9802
"times",9749
"p",9736
"hi",9730
"email",9694
"word",9680
"mind",9659
"high",9608
"far",9605
"hours",9581
"luck",9576
"ask",9478
"ha",9418
"care",9390
"tweets",9373
"hell",9373
"needs",9341
"heart",9293
"facebook",9238
"myself",9230
"heard",9222
"send",9106
"fan",9076
"almost",9000
"isn't",8949
"girls",8947
"business",8945
"bring",8906
"idea",8828
"seen",8817
"we'll",8785
"wrong",8782
"saturday",8725
"car",8713
"feeling",8698
"haven't",8681
"eat",8672
"least",8647
"fans",8638
"won't",8612
"sunday",8611
"probably",8606
"kind",8597
"bed",8584
"buy",8545
"used",8529
"face",8522
"hour",8506
"cant",8447
"sweet",8416
"okay",8392
"late",8377
"dude",8375
"hair",8331
"gets",8271
"post",8181
"meeting",8155
"room",8152
"yourself",8150
"taking",8135
"found",8092
"once",8080
"full",8078
"bitch",8033
"lmao",8023
"social",7959
"seeing",7942
"event",7939
"story",7909
"together",7856
"sometimes",7846
"sad",7840
"super",7833
"monday",7821
"whole",7791
"bro",7779
"black",7774
"lunch",7751
"perfect",7733
"yesterday",7733
"they're",7732
"listening",7731
"break",7650
"top",7642
"tv",7577
"forget",7552
"called",7514
"join",7511
"reading",7507
"rock",7480
"told",7479
"coffee",7473
"c",7450
"point",7444
"text",7439
"lost",7429
"set",7416
"la",7413
"games",7373
"saying",7355
"dinner",7338
"waiting",7285
"came",7245
"special",7242
"definitely",7237
"fucking",7233
"course",7213
"media",7122
"seriously",7054
"leave",7054
"words",6987
"cute",6984
"red",6967
"boy",6953
"agree",6924
"starting",6922
"weather",6908
"goes",6907
"minutes",6897
"learn",6883
"problem",6856
"half",6834
"line",6830
"state",6814
"moment",6803
"thats",6782
"tired",6751
"bout",6735
"started",6710
"white",6700
"she's",6693
"move",6650
"month",6642
"interesting",6612
"question",6611
"wants",6578
"drink",6551
"later",6548
"less",6547
"missed",6482
"loved",6475
"hahaha",6461
"during",6448
"you'll",6443
"totally",6441
"wanted",6436
"1st",6427
"each",6415
"wonder",6383
"pick",6381
"comes",6379
"gone",6361
"office",6355
"list",6350
"chance",6331
"online",6326
"happen",6323
"women",6323
"sick",6302
"took",6285
"beer",6274
"weeks",6241
"using",6230
"yea",6224
"hello",6220
"ago",6213
"wonderful",6197
"either",6197
"bit",6184
"listen",6183
"page",6169
"means",6166
"close",6165
"fall",6095
"future",6083
"tickets",6064
"outside",6058
"lots",6045
"ah",6029
"between",6012
"running",6010
"info",6002
"walk",5985
"different",5984
"yo",5969
"reason",5937
"seems",5898
"second",5888
"others",5863
"students",5853
"rest",5835
"past",5805
"dog",5794
"rain",5792
"visit",5782
"turn",5778
"mine",5777
"ugh",5761
"chicago",5744
"worth",5723
"dream",5695
"plan",5692
"site",5691
"proud",5636
"christmas",5630
"stupid",5625
"mad",5621
"beat",5612
"dance",5611
"number",5610
"writing",5605
"art",5596
"share",5591
"till",5588
"boys",5584
"side",5560
"busy",5557
"dm",5554
"three",5538
"spring",5532
"wasn't",5507
"cold",5465
"men",5453
"service",5446
"college",5435
"blog",5420
"power",5391
"st",5384
"pay",5375
"ill",5365
"who's",5363
"tho",5359
"understand",5355
"austin",5352
"trip",5350
"easy",5335
"park",5333
"yay",5329
"drive",5292
"bar",5279
"deal",5270
"appreciate",5252
"ppl",5244
"club",5240
"website",5236
"cuz",5209
"giving",5206
"thx",5201
"able",5198
"vs",5197
"against",5171
"single",5165
"lets",5163
"young",5163
"huge",5161
"water",5153
"ain't",5143
"under",5141
"kid",5132
"you've",5118
"matter",5106
"via",5101
"success",5092
"weird",5070
"san",5057
"voice",5043
"instead",5040
"finished",5032
"dear",5020
"app",5015
"town",5008
"account",4989
"sound",4985
"#ff",4970
"thursday",4954
"band",4952
"shout",4947
"fine",4943
"project",4922
"green",4913
"knew",4903
"woman",4899
"eyes",4897
"lady",4885
"film",4877
"small",4846
"x",4838
"john",4823
"experience",4823
"write",4798
"date",4791
"shows",4772
"couple",4763
"dad",4762
"tweeting",4752
"m",4741
"dead",4732
"mention",4720
"fight",4719
"series",4717
"american",4709
"store",4709
"fire",4708
"living",4701
"em",4697
"catch",4690
"forever",4688
"picture",4686
"safe",4686
"street",4682
"body",4679
"anymore",4674
"final",4673
"won",4671
"group",4661
"sign",4649
"lose",4641
"nyc",4638
"fast",4632
"couldn't",4623
"conference",4618
"eating",4615
"works",4614
"y'all",4609
"order",4603
"radio",4600
"behind",4583
"wine",4570
"important",4561
"google",4556
"books",4552
"history",4552
"happened",4550
"smile",4542
"wouldn't",4540
"become",4536
"shot",4531
"die",4522
"starts",4513
"hand",4510
"library",4508
"kinda",4505
"sun",4505
"add",4503
"wear",4493
"local",4492
"wit",4490
"album",4489
"t",4487
"everybody",4484
"smh",4480
"bet",4480
"hopefully",4454
"sucks",4447
"public",4411
"short",4411
"gave",4406
"light",4404
"april",4379
"cut",4374
"aren't",4365
"center",4358
"worst",4354
"ones",4353
"answer",4345
"learning",4343
"feels",4334
"tried",4333
"vote",4331
"stand",4329
"interested",4322
"tour",4320
"followed",4313
"sent",4312
"brother",4274
"save",4272
"da",4267
"months",4261
"songs",4259
"loving",4221
"fact",4211
"company",4200
"moving",4194
"link",4187
"pic",4172
"message",4163
"blue",4161
"nigga",4160
"hold",4158
"knows",4157
"met",4150
"justin",4145
"dreams",4145
"takes",4124
"tuesday",4120
"country",4112
"heading",4110
"shoot",4103
"hurt",4091
"dc",4089
"sitting",4086
"folks",4074
"available",4072
"case",4071
"lucky",4070
"front",4061
"fb",4060
"national",4055
"football",4049
"beach",4044
"asked",4041
"community",4039
"alone",4026
"thoughts",4019
"concert",4018
"ball",4007
"ideas",4000
"breakfast",3993
"exactly",3992
"sharing",3987
"played",3986
"forgot",3983
"road",3973
"afternoon",3972
"son",3966
"opening",3964
"bored",3951
"act",3951
"ice",3950
"questions",3935
"2nd",3934
"ride",3929
"sports",3926
"wearing",3925
"area",3922
"watched",3908
"pm",3906
"record",3882
"iphone",3855
"enjoyed",3854
"absolutely",3852
"hoping",3847
"rather",3841
"air",3835
"sex",3829
"loves",3828
"speak",3827
"session",3825
"cannot",3817
"strong",3817
"pass",3816
"gift",3805
"contact",3804
"ladies",3797
"cover",3777
"test",3770
"wake",3764
"needed",3748
"paper",3741
"kill",3734
"sexy",3732
"pizza",3723
"parents",3721
"hang",3718
"trust",3717
"lil",3692
"interview",3692
"missing",3686
"especially",3675
"heat",3664
"gym",3661
"sister",3654
"congratulations",3623
"along",3622
"bought",3615
"truth",3583
"wednesday",3575
"possible",3573
"march",3570
"movies",3567
"wife",3564
"enjoying",3563
"happens",3562
"star",3561
"bus",3559
"snow",3555
"obama",3555
"today's",3553
"we've",3553
"quite",3551
"west",3549
"market",3547
"plans",3539
"whats",3538
"internet",3533
"often",3533
"realize",3516
"program",3503
"laugh",3501
"mothers",3491
"vegas",3487
"spend",3487
"miami",3486
"health",3473
"whatever",3464
"america",3459
"yep",3458
"finish",3458
"yours",3454
"sense",3452
"evening",3448
"holiday",3446
"inside",3439
"goal",3435
"chocolate",3435
"design",3426
"door",3418
"wtf",3418
"june",3418
"lead",3415
"suck",3415
"round",3414
"mother",3406
"studio",3403
"chris",3403
"serious",3400
"details",3394
"fantastic",3393
"hands",3390
"mr",3389
"somebody",3386
"gay",3377
"practice",3358
"tip",3351
"driving",3341
"straight",3334
"chicken",3330
"million",3327
"baseball",3325
"south",3313
"episode",3309
"cry",3308
"ny",3291
"sat",3282
"xd",3281
"training",3280
"step",3278
"etc",3272
"shut",3264
"fat",3264
"card",3263
"article",3260
"walking",3260
"near",3259
"exciting",3258
"mt",3257
"everyday",3256
"death",3238
"data",3238
"peace",3237
"awkward",3236
"bill",3235
"idk",3230
"retweet",3229
"til",3227
"space",3216
"marketing",3213
"plus",3212
"seem",3211
"children",3203
"photo",3198
"drinking",3196
"looked",3193
"due",3188
"player",3186
"minute",3184
"track",3181
"building",3181
"aw",3176
"jesus",3175
"mark",3164
"shirt",3161
"lord",3149
"touch",3149
"student",3147
"jobs",3146
"cheese",3145
"pictures",3143
"shopping",3139
"web",3133
"longer",3127
"sale",3127
"coach",3120
"middle",3113
"mother's",3095
"extra",3095
"basketball",3095
"players",3091
"pain",3074
"nobody",3071
"church",3068
"headed",3068
"child",3059
"choice",3059
"lovely",3051
"pics",3047
"easter",3046
"calling",3039
"eye",3034
"personal",3032
"planning",3030
"self",3025
"issue",3018
"singing",3013
"jealous",3013
"boston",3003
"hungry",3003
"fair",3001
"computer",2999
"winning",2994
"york",2994
"quick",2987
"celebrate",2985
"lives",2983
"holy",2982
"type",2981
"smart",2975
"cat",2973
"worry",2973
"texas",2972
"spot",2961
"apparently",2958
"artist",2952
"field",2951
"stage",2942
"attention",2941
"energy",2938
"joke",2938
"re",2937
"figure",2936
"box",2934
"throw",2933
"liked",2932
"meant",2932
"tuned",2931
"hearing",2931
"y",2930
"fresh",2927
"sit",2922
"officially",2917
"slow",2915
"brown",2914
"btw",2911
"putting",2909
"um",2905
"teacher",2897
"release",2893
"board",2891
"kick",2889
"race",2887
"drop",2884
"cake",2881
"sir",2881
"asking",2879
"rip",2878
"learned",2874
"mike",2874
"youtube",2867
"poor",2864
"problems",2864
"create",2862
"law",2861
"four",2860
"action",2852
"king",2851
"shop",2849
"posted",2841
"didnt",2840
"changed",2835
"president",2834
"leaving",2826
"human",2822
"cream",2820
"worse",2819
"hm",2815
"clean",2814
"research",2812
"boyfriend",2809
"delicious",2808
"dress",2805
"tough",2801
"sing",2800
"dr",2799
"alright",2797
"dark",2795
"north",2794
"de",2792
"telling",2792
"advice",2791
"study",2784
"david",2782
"downtown",2779
"piece",2778
"truly",2774
"lie",2773
"paul",2772
"key",2771
"performance",2769
"bowl",2769
"hilarious",2769
"woke",2765
"k",2759
"ahead",2759
"issues",2757
"events",2754
"buddy",2753
"respect",2753
"biggest",2749
"spent",2748
"system",2738
"drunk",2738
"content",2732
"chat",2732
"low",2731
"james",2730
"swear",2723
"age",2723
"crap",2720
"f",2713
"aint",2713
"gives",2710
"unless",2705
"videos",2704
"double",2704
"wins",2700
"agreed",2700
"bitches",2698
"warm",2697
"grow",2693
"control",2692
"gorgeous",2689
"style",2688
"digital",2686
"excellent",2684
"mobile",2683
"boo",2682
"tech",2681
"tea",2679
"entire",2676
"random",2673
"photos",2670
"ticket",2670
"daily",2668
"shoes",2666
"east",2664
"3rd",2658
"cup",2656
"seattle",2651
"difference",2646
"taken",2641
"likes",2640
"cc",2636
"goodnight",2635
"major",2635
"train",2631
"anyway",2631
"florida",2630
"roll",2624
"thinks",2621
"earth",2620
"you'd",2620
"stuck",2618
"official",2617
"dick",2616
"expect",2609
"count",2608
"across",2605
"helping",2601
"supposed",2599
"wedding",2595
"network",2594
"broke",2594
"quote",2583
"felt",2582
"teams",2580
"update",2574
"focus",2573
"thru",2572
"july",2571
"usually",2571
"goin",2569
"positive",2567
"workout",2566
"4th",2565
"dumb",2564
"drinks",2564
"commercial",2557
"education",2557
"fake",2556
"calls",2553
"happening",2551
"annoying",2550
"level",2546
"apple",2546
"ugly",2545
"wondering",2543
"relationship",2537
"soul",2528
"brand",2526
"price",2524
"five",2523
"worked",2522
"offer",2520
"code",2519
"talent",2512
"note",2506
"deep",2503
"yall",2501
"completely",2495
"ways",2494
"aww",2492
"turned",2490
"complete",2487
"speaking",2486
"fear",2485
"greatest",2484
"mouth",2480
"nap",2474
"hall",2474
"e",2469
"color",2467
"traffic",2457
"sell",2457
"soo",2456
"asleep",2449
"brain",2448
"conversation",2444
"press",2440
"classes",2439
"paid",2439
"michael",2434
"draft",2426
"table",2422
"hanging",2421
"died",2420
"flight",2418
"choose",2417
"winner",2417
"notice",2417
"lmfao",2411
"ipad",2409
"hotel",2407
"secret",2397
"anybody",2396
"joe",2393
"born",2387
"information",2387
"version",2386
"boring",2386
"milwaukee",2385
"realized",2383
"terrible",2379
"blessed",2376
"except",2376
"points",2373
"pants",2368
"career",2364
"yup",2363
"taste",2362
"pleasure",2359
"steve",2352
"how's",2349
"keeps",2348
"report",2344
"crew",2341
"shouldn't",2338
"floor",2333
"fly",2329
"review",2323
"diego",2322
"alive",2319
"imagine",2318
"homework",2314
"bag",2311
"showing",2307
"lakers",2306
"build",2305
"reply",2304
"search",2303
"fix",2298
"healthy",2296
"begin",2295
"daughter",2292
"indeed",2292
"keeping",2292
"score",2292
"loud",2291
"opportunity",2290
"contest",2290
"winter",2289
"lately",2285
"houston",2284
"ima",2283
"doubt",2282
"literally",2281
"stories",2275
"killed",2273
"dj",2273
"blast",2270
"sleeping",2269
"caught",2267
"min",2267
"nba",2265
"huh",2262
"g",2261
"nights",2260
"fam",2259
"j",2258
"checking",2256
"war",2254
"scared",2247
"bday",2239
"sold",2235
"loss",2232
"bike",2231
"breaking",2229
"wall",2229
"return",2227
"pop",2218
"direction",2217
"travel",2215
"given",2214
"tweeted",2213
"festival",2213
"currently",2212
"reach",2206
"yr",2206
"mood",2205
"deserve",2204
"mix",2198
"shower",2198
"profile",2196
"uh",2196
"league",2195
"station",2195
"smell",2193
"closed",2192
"nfl",2192
"promise",2186
"dallas",2184
"reality",2182
"happiness",2181
"killing",2179
"tune",2172
"clear",2169
"wont",2168
"staff",2164
"based",2162
"wild",2162
"bunch",2162
"schedule",2160
"nope",2159
"simple",2152
"process",2148
"feet",2147
"decided",2146
"fit",2144
"freaking",2144
"brought",2143
"trouble",2141
"signed",2140
"finding",2139
"quality",2137
"sending",2136
"updates",2135
"luv",2134
"vacation",2134
"members",2131
"broken",2131
"dancing",2130
"present",2127
"teach",2127
"creative",2126
"dogs",2122
"treat",2121
"kiss",2121
"places",2117
"finals",2112
"fish",2106
"niggas",2105
"incredible",2098
"bc",2095
"def",2092
"per",2090
"bless",2089
"english",2086
"earlier",2080
"wishing",2077
"somewhere",2076
"denver",2076
"beyond",2074
"feed",2073
"moms",2073
"handle",2071
"spread",2069
"hurts",2063
"bye",2060
"tips",2060
"crying",2059
"credit",2054
"ate",2050
"tom",2049
"police",2049
"magic",2048
"value",2048
"award",2046
"jersey",2040
"address",2039
"channel",2037
"shots",2037
"shooting",2036
"screen",2028
"thanksgiving",2027
"restaurant",2027
"presentation",2026
"fail",2023
"passed",2022
"afraid",2020
"surprised",2018
"beauty",2016
"george",2015
"challenge",2015
"miles",2015
"services",2013
"here's",2011
"cheers",2009
"boss",2008
"honestly",2007
"within",2005
"shall",2005
"successful",2005
"spending",2004
"view",2004
"clothes",2004
"ryan",2001
"pull",2001
"sales",1994
"kidding",1993
"copy",1992
"artists",1988
"cats",1986
"easier",1983
"fashion",1979
"uk",1979
"rich",1977
"suggestions",1973
"matt",1973
"museum",1971
"jazz",1969
"latest",1969
"v",1969
"block",1965
"county",1964
"blood",1964
"dat",1961
"named",1960
"gold",1960
"cards",1957
"dirty",1955
"match",1954
"alot",1954
"customer",1949
"twice",1946
"washington",1944
"access",1942
"booth",1942
"cd",1940
"stars",1940
"buying",1940
"marriage",1939
"bieber",1931
"gettin",1931
"gas",1931
"teaching",1928
"product",1927
"smoke",1926
"trade",1925
"judge",1924
"horrible",1921
"knowing",1920
"results",1918
"playoffs",1914
"model",1911
"connect",1910
"themselves",1909
"faith",1905
"including",1905
"mess",1905
"ran",1902
"everywhere",1900
"classic",1899
"title",1897
"crowd",1897
"bay",1896
"pool",1894
"honor",1893
"it'll",1889
"staying",1888
"trending",1888
"plz",1887
"glass",1882
"pack",1881
"technology",1876
"beginning",1871
"picked",1868
"babe",1867
"panel",1866
"court",1865
"awake",1860
"fell",1860
"changes",1859
"continue",1856
"tax",1856
"airport",1854
"stick",1853
"jack",1850
"scary",1849
"follower",1848
"inspiration",1847
"acting",1844
"fabulous",1842
"laughing",1841
"current",1841
"original",1839
"teachers",1837
"grand",1834
"fuckin",1833
"tonight's",1832
"known",1831
"campaign",1829
"science",1829
"guest",1826
"portland",1826
"weight",1826
"ive",1823
"sometime",1822
"period",1822
"asap",1821
"merry",1819
"bringing",1815
"losing",1815
"hill",1815
"member",1812
"hahah",1811
"pro",1810
"chill",1808
"response",1808
"moved",1807
"pray",1806
"quit",1806
"products",1799
"thankful",1799
"wat",1799
"main",1797
"decision",1797
"id",1796
"total",1795
"l",1792
"woo",1791
"married",1791
"scene",1790
"helps",1788
"university",1787
"row",1787
"mall",1787
"romney",1786
"schools",1783
"cost",1782
"golf",1781
"famous",1780
"talked",1780
"ad",1779
"joy",1779
"beats",1779
"hunger",1778
"wrote",1777
"french",1777
"tix",1773
"whether",1772
"surprise",1768
"added",1766
"form",1766
"comment",1766
"usa",1765
"bigger",1763
"peeps",1760
"decide",1759
"jump",1758
"character",1758
"industry",1756
"mac",1755
"lazy",1753
"q",1753
"mama",1753
"third",1748
"lights",1746
"yum",1745
"goals",1745
"cleaning",1745
"consider",1741
"normal",1739
"shoutout",1737
"prom",1737
"butt",1734
"plays",1734
"fox",1733
"atlanta",1733
"role",1732
"projects",1729
"bacon",1729
"bottle",1729
"window",1724
"coast",1724
"hmm",1723
"blow",1723
"holding",1721
"al",1720
"perhaps",1719
"stopped",1718
"ends",1714
"cash",1714
"pink",1714
"drama",1709
"common",1709
"rule",1707
"grade",1706
"tree",1705
"epic",1702
"xoxo",1701
"receive",1699
"dying",1696
"rules",1696
"likely",1696
"ed",1696
"mail",1696
"fav",1693
"sunny",1692
"instagram",1690
"math",1687
"moon",1687
"truck",1683
"annual",1682
"hitting",1681
"none",1681
"we'd",1678
"anytime",1676
"rose",1676
"philly",1675
"avengers",1670
"husband",1669
"imma",1669
"fingers",1665
"blame",1664
"hockey",1663
"camp",1660
"obviously",1658
"letting",1656
"turns",1653
"launch",1653
"cookies",1652
"opinion",1651
"baltimore",1650
"size",1647
"talented",1644
"location",1643
"orange",1642
"general",1639
"defense",1638
"discussion",1638
"knowledge",1638
"camera",1637
"feature",1636
"begins",1635
"client",1634
"whenever",1633
"names",1633
"holidays",1632
"ground",1632
"parking",1629
"soccer",1629
"growing",1628
"checked",1628
"grab",1622
"girlfriend",1622
"fighting",1621
"pissed",1620
"corner",1619
"recommend",1618
"excuse",1618
"smith",1618
"tim",1617
"wishes",1617
"falling",1617
"noticed",1616
"private",1615
"follows",1615
"nah",1613
"awards",1612
"heads",1609
"campus",1608
"cancer",1608
"waste",1607
"apps",1605
"garden",1603
"higher",1603
"dang",1602
"himself",1601
"homie",1600
"simply",1600
"alex",1595
"confused",1593
"customers",1592
"xo",1592
"midnight",1589
"hits",1589
"natural",1584
"harry",1584
"jus",1583
"skills",1583
"kobe",1583
"closer",1579
"biz",1578
"changing",1577
"former",1577
"gotten",1575
"noon",1574
"awww",1572
"selling",1571
"bank",1570
"quiet",1569
"celebrating",1569
"scott",1569
"jim",1568
"older",1568
"feelings",1568
"doin",1568
"certain",1567
"invite",1567
"california",1566
"sigh",1566
"ring",1564
"runs",1563
"clients",1563
"standing",1563
"taylor",1562
"outta",1561
"bands",1560
"nick",1558
"ten",1558
"comments",1558
"madison",1558
"fill",1557
"explain",1555
"battle",1555
"position",1550
"co",1549
"large",1547
"lake",1547
"involved",1546
"amen",1546
"walked",1544
"productive",1543
"yrs",1542
"clearly",1542
"upcoming",1538
"jones",1538
"plane",1537
"wisconsin",1535
"kitchen",1534
"button",1534
"cross",1534
"swag",1532
"correct",1529
"regular",1529
"bob",1526
"ohio",1526
"degrees",1521
"lame",1521
"halloween",1519
"storm",1519
"anywhere",1519
"spam",1518
"arts",1517
"situation",1517
"hahahaha",1517
"six",1516
"mostly",1516
"spanish",1514
"spirit",1514
"states",1511
"ridiculous",1510
"audience",1507
"status",1504
"memories",1503
"inspired",1503
"itunes",1503
"youth",1502
"hosting",1500
"shame",1497
"dimora",1497
"jam",1496
"click",1496
"language",1495
"awful",1494
"jackson",1494
"speech",1494
"yoga",1493
"received",1492
"hasn't",1491
"machine",1487
"topic",1486
"they'll",1486
"fellow",1485
"anniversary",1485
"posting",1484
"josh",1480
"ca",1479
"central",1478
"upset",1477
"cousin",1476
"hollywood",1476
"interest",1474
"graduation",1474
"flying",1474
"semester",1471
"island",1471
"written",1470
"7pm",1470
"comedy",1470
"land",1469
"sky",1469
"u.s",1469
"although",1468
"several",1466
"diet",1465
"feedback",1465
"candy",1464
"nite",1464
"30pm",1463
"hat",1462
"nd",1461
"marathon",1461
"5th",1460
"hop",1460
"legs",1459
"tells",1456
"balls",1455
"cheap",1451
"wings",1450
"term",1450
"difficult",1449
"robert",1449
"ma",1449
"dope",1449
"tag",1448
"performing",1448
"bird",1448
"skin",1448
"ms",1446
"lack",1446
"pair",1446
"lies",1445
"senior",1445
"bottom",1444
"professional",1443
"created",1442
"download",1440
"kno",1439
"recording",1437
"giants",1436
"female",1434
"seat",1433
"specials",1432
"upon",1432
"cooking",1432
"magazine",1430
"admit",1429
"cast",1429
"waking",1426
"he'll",1425
"international",1424
"rush",1424
"father",1423
"avoid",1422
"bulls",1421
"seconds",1421
"sf",1420
"appreciated",1420
"thomas",1420
"honest",1419
"catching",1419
"attending",1417
"numbers",1416
"square",1416
"sis",1416
"doesnt",1415
"direct",1414
"tryna",1412
"santa",1412
"honey",1412
"mission",1410
"goodness",1409
"where's",1407
"impossible",1405
"author",1405
"recently",1404
"shake",1404
"tebow",1404
"desk",1403
"menu",1403
"helped",1401
"fucked",1398
"wind",1398
"brings",1397
"raise",1397
"posts",1397
"force",1396
"soup",1394
"guitar",1394
"martin",1394
"host",1393
"burger",1392
"theater",1392
"taco",1391
"sandwich",1390
"strange",1390
"paying",1389
"h",1389
"ipod",1388
"print",1387
"kevin",1387
"miller",1386
"cars",1385
"plenty",1385
"heaven",1385
"hospital",1383
"silly",1383
"thunder",1382
"culture",1382
"lebron",1380
"curious",1380
"heck",1380
"bright",1380
"rocks",1379
"harder",1379
"turning",1379
"purchase",1378
"salad",1378
"lived",1377
"workshop",1377
"whoa",1376
"talks",1374
"texting",1373
"lounge",1373
"production",1372
"milk",1372
"angry",1371
"rights",1371
"fool",1370
"chick",1370
"tonite",1370
"potential",1369
"8pm",1369
"supporting",1368
"leadership",1368
"attack",1368
"ben",1367
"adam",1366
"tears",1366
"windows",1366
"solid",1365
"trend",1364
"creating",1363
"hip",1362
"according",1360
"fest",1359
"__",1358
"sort",1358
"push",1357
"nervous",1356
"joining",1352
"yummy",1352
"tool",1350
"enter",1350
"oil",1349
"reminds",1349
"director",1348
"los",1348
"mi",1346
"ahh",1345
"adorable",1345
"cook",1344
"lookin",1344
"security",1343
"brothers",1343
"unfortunately",1342
"competition",1342
"exercise",1340
"filled",1339
"pages",1337
"august",1337
"yu",1336
"abt",1336
"budget",1335
"accept",1335
"dnt",1335
"failure",1334
"weren't",1334
"hurry",1331
"tx",1330
"include",1326
"willing",1326
"figured",1326
"source",1325
"moves",1325
"sugar",1324
"tony",1324
"bbq",1324
"sum",1323
"effort",1322
"studying",1322
"prayers",1319
"freedom",1318
"brunch",1318
"kept",1318
"lesson",1317
"sleepy",1317
"mayo",1315
"reasons",1314
"daddy",1314
"notes",1314
"pie",1313
"government",1313
"management",1312
"passion",1312
"bread",1311
"lines",1311
"butter",1310
"pussy",1310
"cares",1309
"mistake",1308
"ending",1308
"average",1307
"companies",1306
"however",1306
"meal",1306
"burn",1305
"ended",1305
"sunshine",1305
"stress",1304
"mary",1304
"queen",1303
"don’t",1302
"society",1302
"detroit",1302
"doors",1300
"starbucks",1299
"rate",1299
"nasty",1298
"allowed",1297
"tools",1297
"discuss",1297
"stoked",1296
"dig",1296
"pitch",1295
"speed",1295
"bucks",1294
"related",1292
"deals",1291
"espn",1290
"itself",1288
"xx",1287
"development",1287
"amount",1287
"purpose",1287
"possibly",1287
"manager",1284
"bullshit",1284
"wet",1283
"dropped",1283
"attend",1283
"cafe",1283
"hadn’t",1283
"fantasy",1282
"faster",1282
"haters",1279
"teeth",1279
"indiana",1278
"laptop",1277
"ty",1277
"theme",1277
"attitude",1277
"above",1276
"cleveland",1276
"ave",1270
"insane",1268
"nation",1268
"quickly",1268
"wise",1268
"prob",1266
"pls",1266
"ex",1266
"remind",1266
"lay",1264
"hug",1264
"certainly",1263
"grateful",1263
"decisions",1262
"request",1261
"leg",1260
"genius",1260
"chinese",1259
"suppose",1259
"users",1259
"becoming",1258
"bear",1257
"quarter",1256
"brilliant",1255
"jk",1254
"jr",1253
"tht",1252
"journey",1252
"nashville",1252
"wed",1252
"jason",1250
"hes",1249
"kentucky",1249
"powerful",1248
"mins",1248
"allow",1246
"dry",1246
"political",1246
"cell",1246
"pumped",1244
"favor",1243
"prefer",1242
"actual",1241
"river",1241
"dave",1241
"leader",1240
"evil",1240
"johnson",1239
"exist",1239
"weak",1238
"recent",1238
"nature",1238
"showed",1238
"heavy",1238
"riding",1237
"depends",1237
"dudes",1237
"nose",1236
"collection",1236
"brian",1235
"eve",1235
"rise",1233
"messages",1231
"visiting",1230
"union",1230
"pr",1229
"babies",1229
"foot",1229
"championship",1228
"mile",1226
"provide",1225
"ray",1225
"rangers",1224
"taught",1224
"tattoo",1224
"debate",1223
"popular",1223
"letter",1223
"setting",1223
"wisdom",1222
"jeff",1222
"perform",1220
"considering",1220
"apartment",1219
"limit",1219
"stomach",1218
"ron",1217
"option",1217
"havent",1217
"draw",1217
"playoff",1216
"charge",1215
"serve",1215
"usual",1214
"easily",1214
"reminder",1214
"moments",1213
"bell",1213
"london",1212
"links",1212
"don",1211
"neighborhood",1211
"idol",1209
"year's",1208
"dan",1207
"background",1207
"praying",1207
"memory",1205
"doctor",1205
"raining",1202
"apart",1201
"killer",1201
"juice",1201
"records",1201
"shirts",1200
"louis",1200
"ability",1197
"gosh",1197
"disney",1197
"pulled",1193
"rick",1192
"expected",1191
"united",1191
"gun",1190
"nearly",1190
"theatre",1189
"inspiring",1189
"wanting",1189
"strength",1188
"signing",1188
"packed",1184
"benefit",1184
"risk",1183
"progress",1183
"feb",1183
"dollars",1182
"crush",1180
"carry",1180
"hacked",1179
"fixed",1179
"empty",1179
"teen",1178
"picking",1177
"released",1176
"singer",1176
"breath",1176
"base",1176
"smells",1175
"jordan",1174
"creepy",1173
"global",1172
"gig",1172
"beast",1172
"similar",1172
"relax",1171
"crack",1171
"davis",1170
"brewers",1168
"disappointed",1166
"mexican",1166
"driver",1166
"whitney",1165
"impact",1164
"williams",1163
"hrs",1163
"characters",1161
"fitness",1160
"hr",1159
"swing",1157
"highly",1157
"justice",1156
"meaning",1152
"dollar",1152
"leads",1152
"cinco",1151
"af",1151
"worried",1151
"birds",1150
"nuts",1149
"bathroom",1149
"leaders",1149
"partner",1148
"marry",1148
"matters",1148
"orlando",1147
"arrived",1146
"options",1145
"stock",1144
"rough",1142
"finishing",1142
"voted",1141
"rap",1141
"hero",1141
"repeat",1140
"pittsburgh",1140
"saved",1140
"youre",1139
"lee",1139
"section",1139
"hoe",1138
"grind",1137
"master",1136
"netflix",1136
"opportunities",1135
"emails",1134
"blah",1134
"skype",1134
"audition",1134
"yard",1133
"tons",1133
"eggs",1131
"somehow",1130
"van",1130
"networking",1129
"wash",1128
"gop",1125
"planned",1125
"tight",1125
"wide",1124
"#brewers",1123
"tie",1122
"awhile",1122
"tracks",1121
"minds",1120
"fault",1120
"horse",1120
"knock",1119
"legal",1119
"adding",1117
"mayor",1117
"paint",1117
"rolling",1117
"bomb",1116
"october",1116
"target",1116
"prices",1116
"sox",1116
"glasses",1115
"mexico",1115
"among",1115
"effect",1114
"otherwise",1112
"theres",1112
"couch",1111
"egg",1111
"relationships",1111
"b4",1110
"january",1110
"items",1110
"ordered",1109
"el",1108
"hook",1107
"stadium",1105
"android",1105
"testing",1104
"tournament",1104
"basically",1103
"aka",1103
"mentions",1103
"hashtag",1102
"degree",1102
"idiot",1101
"seats",1101
"cheer",1101
"ft",1101
"golden",1100
"grown",1099
"p.m",1098
"bears",1098
"neither",1096
"mistakes",1096
"planet",1095
"careful",1095
"sayin",1095
"sauce",1094
"peter",1093
"extremely",1093
"example",1092
"it’s",1091
"hugs",1091
"sites",1091
"legit",1090
"apply",1089
"las",1089
"weed",1087
"phones",1087
"someday",1087
"spell",1086
"movement",1086
"oops",1086
"announced",1085
"spurs",1085
"chillin",1083
"meat",1083
"impressed",1083
"americans",1083
"hoes",1083
"multiple",1082
"adult",1081
"sea",1080
"negative",1080
"calm",1080
"hole",1079
"tha",1079
"hehe",1078
"rainy",1078
"voting",1078
"commercials",1078
"crash",1077
"tweeps",1076
"throwing",1076
"shorts",1075
"indy",1075
"coverage",1073
"vision",1073
"strategy",1072
"tumblr",1071
"passing",1071
"closing",1071
"towards",1070
"hood",1070
"atl",1070
"pet",1070
"held",1069
"chapter",1069
"zone",1068
"victory",1068
"christian",1067
"animal",1067
"insurance",1066
"arms",1064
"charles",1064
"timeline",1064
"jokes",1064
"everytime",1063
"8th",1063
"sessions",1063
"opened",1061
"smoking",1060
"whose",1060
"talkin",1059
"improve",1059
"goodbye",1059
"fruit",1059
"shine",1059
"exam",1058
"prize",1057
"ourselves",1057
"purple",1057
"regret",1056
"fri",1054
"knicks",1054
"turkey",1054
"ads",1054
"user",1053
"announce",1053
"worries",1053
"ep",1053
"6pm",1052
"contract",1051
"universe",1051
"built",1051
"tacos",1050
"november",1050
"neck",1050
"hearts",1049
"eric",1049
"programs",1048
"editing",1048
"besides",1048
"parties",1047
"beef",1047
"sarah",1044
"laying",1044
"celebration",1044
"answers",1044
"software",1043
"dates",1043
"families",1042
"picks",1042
"sushi",1042
"giant",1042
"okc",1041
"uses",1041
"politics",1040
"dating",1039
"massage",1039
"libraries",1039
"6th",1038
"rocking",1038
"writer",1038
"counting",1037
"hide",1037
"ignore",1037
"faces",1036
"rep",1036
"ohh",1036
"meetings",1034
"newest",1032
"ap",1032
"deserves",1032
"policy",1032
"packers",1031
"opens",1030
"image",1030
"reports",1029
"mentioned",1027
"grandma",1027
"expensive",1026
"mommy",1026
"rice",1026
"women's",1024
"reference",1024
"7th",1021
"naked",1021
"punch",1021
"irish",1018
"kim",1018
"limited",1017
"gear",1017
"updated",1016
"signs",1015
"shes",1015
"max",1012
"sam",1011
"sadly",1010
"cookie",1010
"steal",1010
"o.o",1009
"grad",1008
"pieces",1008
"yellow",1008
"rude",1008
"lower",1007
"leading",1007
"valley",1007
"promo",1006
"cardstock",1006
"respond",1004
"amazon",1004
"fl",1004
"kicked",1003
"honored",1003
"streets",1002
"frank",1002
"unique",1001
"writers",998
"district",997
"makeup",997
"mini",997
"boat",997
"monster",996
"covered",996
"continues",996
"jeans",995
"musical",995
"angeles",994
"obsessed",994
"headache",993
"nc",992
"council",992
"express",992
"ton",991
"boom",991
"puts",990
"finale",990
"leaves",990
"arm",990
"entertainment",989
"drug",988
"pregnant",987
"bars",987
"circle",986
"economy",986
"solo",986
"taxes",985
"guide",984
"tan",983
"anthony",983
"a.m",983
"francisco",983
"threw",983
"barely",983
"statement",983
"sore",983
"homeless",983
"complain",982
"increase",982
"wi",982
"blues",982
"caps",982
"ears",981
"offers",980
"pure",979
"featuring",979
"trash",978
"mo",977
"lying",976
"sd",976
"anyways",975
"friendly",975
"winners",975
"flip",972
"billion",971
"icon",971
"whoever",971
"mixtape",970
"rts",970
"everyone's",969
"surgery",969
"parts",968
"labor",968
"solution",967
"onto",967
"choices",967
"resources",966
"freakin",966
"ps",966
"christ",966
"bound",965
"9pm",965
"birth",965
"gross",965
"chair",964
"resume",964
"canada",963
"fave",963
"isnt",960
"china",960
"steak",959
"eh",959
"becomes",958
"woot",958
"stream",958
"suit",958
"soft",957
"offense",957
"addicted",957
"memphis",956
"cloud",955
"2day",955
"helpful",954
"novel",954
"despite",953
"advantage",953
"discovered",952
"dvd",952
"connection",951
"stone",950
"gain",950
"necessary",950
"adventure",949
"gon",948
"bud",948
"crossed",948
"tape",947
"mitt",946
"accident",946
"doc",945
"beers",944
"offering",944
"liking",944
"shift",944
"fried",943
"jay",943
"alert",943
"chuck",942
"chips",940
"hates",939
"junior",939
"rockin",939
"jan",939
"fyi",939
"mountain",939
"kelly",938
"blessings",938
"booked",937
"serving",937
"steps",936
"carolina",935
"wayne",935
"sport",934
"december",934
"useful",933
"kicking",932
"greater",932
"favorites",932
"calendar",932
"register",932
"switch",931
"keys",930
"ceo",930
"asks",930
"listened",930
"pressure",928
"lyrics",927
"tiny",927
"auto",927
"odd",926
"r.i.p",926
"chase",925
"actor",925
"joined",925
"plate",924
"andrew",924
"discount",924
"tall",923
"michigan",923
"angel",922
"saving",922
"flow",922
"election",922
"gm",922
"screaming",922
"nails",921
"clock",921
"parade",920
"vip",920
"walker",919
"flowers",919
"blake",919
"flash",919
"perry",919
"jimmy",919
"slowly",918
"allen",918
"duh",918
"forgive",917
"tap",917
"finger",917
"valentine's",913
"com",913
"path",913
"logo",912
"hire",912
"smiling",912
"gunna",911
"speaker",910
"prayer",910
"february",910
"wars",910
"considered",909
"breathe",909
"kings",909
"mirror",908
"bridge",907
"preparing",907
"tasting",907
"henry",905
"promote",905
"metro",905
"prepared",905
"prove",904
"september",904
"chef",903
"stayed",903
"mode",902
"va",902
"foundation",901
"manning",900
"laundry",900
"bio",900
"falls",899
"omfg",899
"italian",898
"growth",898
"fries",898
"active",898
"chances",898
"antonio",897
"grill",895
"relaxing",895
"delivery",894
"colorado",894
"medical",894
"dis",894
"protect",894
"colors",894
"concept",894
"william",893
"ups",893
"agent",893
"cali",892
"shape",892
"breaks",892
"dare",891
"courage",891
"modern",891
"aye",890
"failed",889
"texts",889
"drugs",889
"prince",889
"they've",888
"packing",888
"bags",888
"poker",888
"fired",887
"personally",886
"c'mon",886
"qb",885
"announcement",885
"kansas",885
"neighbors",884
"assume",884
"10pm",884
"theory",883
"pandora",883
"unfollow",883
"rid",883
"lab",882
"focused",882
"hah",882
"pacers",882
"doe",880
"mass",880
"derby",880
"fully",880
"bang",880
"virginia",880
"became",879
"actors",879
"safety",879
"bottles",878
"rite",878
"tiger",877
"woods",877
"trees",877
"lincoln",877
"bills",877
"ship",876
"motivation",876
"package",876
"alcohol",875
"donate",875
"films",874
"umm",874
"screw",874
"___",874
"clark",874
"server",873
"blind",873
"intense",873
"trivia",872
"southern",872
"trick",872
"pa",870
"phil",870
"slept",870
"uncle",869
"stores",869
"t-shirt",869
"effective",867
"bite",867
"wrap",866
"physical",866
"celebrity",866
"painting",865
"congress",864
"ol",864
"lonely",863
"jail",863
"txt",863
"impressive",863
"grace",862
"sisters",862
"facts",861
"memorial",861
"patio",861
"stopping",861
"kindle",861
"owner",860
"volunteer",859
"graduate",859
"password",858
"#np",858
"custom",858
"benefits",858
"dangerous",857
"balance",856
"cried",855
"yankees",855
"guilty",854
"decent",854
"madness",854
"sec",854
"rob",854
"financial",852
"pub",852
"foods",852
"emotional",852
"grant",852
"dressed",850
"delete",850
"raw",850
"lessons",850
"drawing",849
"skip",849
"tear",849
"rehearsal",848
"pot",848
"alarm",848
"features",847
"ghost",846
"accounts",846
"tasty",846
"thurs",845
"skinny",845
"paris",845
"humor",845
"5pm",845
"ear",845
"3d",845
"hs",844
"papers",844
"awe",844
"stronger",843
"puppy",843
"animals",843
"bo",842
"further",842
"businesses",842
"confidence",840
"gifts",840
"episodes",840
"loose",840
"gov",839
"classy",839
"13th",838
"comin",838
"hiring",838
"asshole",837
"hardest",837
"subway",837
"suggest",837
"lips",836
"wasnt",836
"exhibit",834
"tied",834
"drake",833
"conversations",832
"estate",832
"generation",832
"9th",832
"mixed",831
"ooh",830
"porn",829
"groups",829
"organization",829
"charlie",829
"advance",829
"zero",828
"pinterest",827
"bs",827
"buffalo",826
"engagement",826
"momma",826
"pride",826
"21st",825
"cutting",823
"freak",823
"wen",823
"craving",823
"warning",823
"brooklyn",822
"pulling",822
"employees",821
"clue",821
"bull",821
"featured",820
"bf",820
"male",820
"edge",820
"mental",819
"prepare",819
"innovation",819
"patience",819
"asian",819
"specific",819
"models",818
"recipe",818
"passes",818
"aha",818
"boyz",817
"orleans",816
"result",816
"raised",816
"would've",815
"unknown",815
"desire",814
"bass",813
"expecting",813
"reviews",812
"urban",812
"punk",812
"clippers",812
"god's",812
"actions",812
"farm",812
"invited",812
"someone's",811
"screening",810
"wifi",809
"succeed",808
"charity",807
"oregon",806
"duck",806
"personality",805
"corporate",805
"silver",804
"obvious",803
"served",803
"podcast",802
"summit",801
"immediately",801
"non",801
"civil",800
"quotes",800
"injury",800
"crime",800
"eventually",800
"peyton",800
"convo",799
"advertising",799
"2nite",799
"gallery",799
"subject",799
"noise",798
"cupcakes",798
"z",797
"england",797
"cody",797
"casting",796
"trailer",796
"interviews",795
"lane",795
"scream",794
"dropping",794
"shared",794
"lock",794
"filming",794
"understanding",794
"peanut",793
"accepted",793
"mrs",792
"cable",790
"pretend",790
"nothin",789
"banana",789
"committee",788
"tyler",787
"audio",787
"props",787
"phoenix",787
"license",786
"silence",785
"costs",784
"lifetime",784
"platform",784
"connected",784
"independent",784
"tunes",784
"cities",784
"nov",783
"comic",783
"females",783
"material",782
"valentines",782
"overall",781
"cap",780
"columbus",780
"articles",779
"silent",779
"demand",779
"edition",779
"flat",779
"spots",779
"knee",778
"stole",778
"oct",778
"inspire",777
"jessica",777
"seven",777
"xmas",776
"awareness",775
"aaron",775
"activity",775
"lisa",774
"finna",773
"younger",772
"cure",772
"shitty",772
"ages",772
"spreading",772
"premiere",771
"woohoo",770
"andy",770
"studies",769
"claim",769
"fancy",767
"drew",767
"socks",766
"yikes",765
"images",765
"cuts",765
"wilson",764
"expert",763
"ocean",763
"replace",763
"entertaining",763
"murder",762
"throat",762
"afford",762
"nike",761
"terms",761
"deserved",761
"bruh",761
"craft",761
"pocket",761
"roof",760
"chip",759
"grew",759
"nor",759
"ouch",759
"seeking",758
"watchin",758
"poetry",758
"rates",758
"snap",757
"tank",757
"az",757
"vodka",757
"burning",756
"bother",755
"route",754
"preview",754
"loser",754
"hating",754
"sweat",753
"iron",753
"disagree",752
"she’d",752
"amy",751
"application",751
"devil",751
"file",751
"ncaa",750
"map",750
"celtics",750
"arizona",749
"praise",749
"thanx",749
"hunt",748
"ya'll",746
"people's",746
"msg",746
"walks",745
"forum",745
"reporting",745
"nbc",744
"exact",744
"argument",744
"blowing",744
"johnny",743
"piss",743
"zombie",743
"british",742
"cops",742
"angels",742
"homes",742
"ga",741
"grocery",741
"convention",741
"glee",741
"fab",741
"patient",740
"recommendations",740
"ruin",739
"rocked",739
"howard",739
"millions",739
"shoe",738
"traveling",737
"locked",737
"views",737
"perfectly",737
"describe",737
"est",736
"documentary",735
"sets",735
"mom's",734
"bit.ly",734
"clothing",734
"salt",734
"wasted",733
"jets",733
"massive",733
"swim",733
"century",732
"deliver",732
"rally",732
"root",732
"softball",732
"mic",731
"reached",731
"e-mail",731
"recovery",731
"travels",730
"dec",730
"#oomf",730
"candidate",729
"weekends",729
"friendship",728
"battery",728
"jerry",728
"perspective",727
"deck",727
"joint",727
"shore",726
"discussing",726
"comfortable",726
"cubs",725
"cancelled",725
"duty",725
"bobby",725
"darn",725
"rare",725
"behavior",725
"net",724
"primary",724
"legend",724
"standard",724
"apologize",724
"wood",724
"guard",723
"tryin",723
"10th",723
"piano",723
"should've",722
"one's",722
"stranger",721
"proof",721
"coaches",721
"error",721
"percent",721
"toilet",721
"demo",721
"systems",720
"designer",720
"jon",720
"incredibly",720
"creation",719
"deadline",717
"twin",717
"letters",716
"stands",716
"beard",716
"military",716
"toast",715
"inbox",715
"exhausted",715
"boots",715
"sees",715
"suggestion",714
"blessing",714
"votes",714
"neighbor",714
"dam",714
"agency",714
"hubby",714
"seek",713
"billy",712
"wave",712
"pushing",712
"pee",712
"cough",712
"attempt",711
"workers",711
"buzz",710
"dem",710
"venue",709
"lineup",709
"funding",708
"coke",708
"bug",708
"kicks",707
"chi",707
"bible",707
"oscar",706
"flavor",706
"blogs",706
"broncos",705
"manage",705
"o_o",705
"recognize",705
"load",704
"jacket",704
"plant",704
"sept",703
"sweetie",703
"holla",703
"broadway",703
"messed",703
"fame",703
"creativity",703
"er",703
"staring",702
"giveaway",702
"children's",702
"grass",702
"fourth",701
"night's",700
"fools",700
"et",700
"distance",700
"compliment",699
"heels",699
"sucked",699
"registration",699
"sean",699
"remembered",699
"#nowplaying",699
"beans",699
"produce",698
"throughout",698
"searching",698
"poster",698
"rent",697
"zoo",697
"grey",697
"bench",696
"scheduled",696
"gray",696
"debt",696
"senate",696
"virtual",695
"tomorrow's",695
"forgotten",695
"remain",694
"core",694
"hawaii",694
"survive",694
"cow",693
"duke",693
"achieve",693
"sentence",693
"esp",693
"bush",693
"drivers",692
"constantly",692
"smiles",691
"hint",691
"suddenly",690
"submit",690
"weekly",690
"hella",689
"1d",689
"included",689
"owe",689
"dies",688
"feelin",688
"tl",688
"faculty",687
"potato",687
"cab",687
"hottest",685
"youu",685
"regardless",685
"speakers",685
"gang",684
"week's",684
"ii",684
"cocktail",684
"levels",683
"grilled",682
"attractive",682
"volunteers",682
"bestfriend",682
"ultimate",682
"presence",682
"triple",682
"japan",682
"stops",681
"aware",681
"toward",681
"prep",681
"illegal",681
"morgan",681
"funniest",680
"librarians",680
"cop",679
"complaining",678
"presenting",678
"webinar",678
"expo",678
"#sxsw",677
"richard",677
"hills",677
"greg",676
"walmart",675
"concerned",675
"cherry",675
"delay",675
"chest",675
"strip",674
"drops",674
"hunter",674
"musicians",673
"tourney",673
"calories",673
"approach",672
"communication",672
"candidates",672
"highest",672
"refs",671
"b-day",671
"mlb",671
"corn",671
"individual",670
"scored",670
"frozen",670
"mondays",669
"range",669
"wade",669
"partners",669
"l.a",669
"bath",669
"shocked",669
"nuggets",668
"gary",668
"twins",668
"belly",668
"africa",668
"covers",668
"princess",667
"chilling",667
"metal",666
"hopes",666
"speaks",666
"false",666
"appear",665
"phrase",665
"avi",665
"beating",665
"swimming",665
"ross",664
"economic",664
"4pm",664
"blocked",664
"pace",663
"inning",663
"it'd",663
"tennis",663
"pork",663
"nowhere",662
"thousand",662
"smooth",662
"horror",662
"gr8",661
"salsa",661
"selection",660
"europe",660
"presents",659
"slightly",659
"nj",659
"makin",659
"captain",658
"opposite",658
"familiar",658
"pat",658
"saints",658
"albert",657
"hawks",657
"librarian",657
"includes",657
"army",656
"santorum",656
"blonde",656
"sponsor",656
"survey",656
"led",656
"department",656
"embossing",656
"gaga",655
"ours",654
"factor",653
"brandon",653
"appears",653
"excitement",653
"shoulder",653
"printing",653
"reunion",653
"firm",653
"capital",652
"dreaming",652
"definition",652
"patriots",652
"adults",652
"coaching",652
"thrilled",652
"georgia",652
"anger",652
"spin",651
"edit",651
"journal",651
"rachel",650
"glory",650
"fiction",649
"tests",649
"relevant",648
"nail",648
"linkedin",648
"painful",648
"kills",648
"guests",648
"homemade",648
"longest",647
"influence",647
"seemed",647
"construction",646
"lolol",646
"equal",646
"bummer",646
"medicine",646
"accent",646
"owners",646
"critical",646
"tampa",645
"poll",645
"ham",645
"coolest",645
"directly",645
"15th",644
"blown",644
"furniture",644
"dedicated",644
"bat",644
"fed",643
"required",643
"laughed",643
"parent",643
"cruise",643
"outstanding",643
"lemon",642
"reception",642
"bruce",642
"guessing",642
"beta",642
"debut",642
"tongue",641
"settle",641
"lovin",641
"recall",641
"øthe",641
"basic",640
"analysis",640
"compared",640
"slap",640
"chain",640
"shortly",639
"costume",639
"larry",639
"develop",639
"donuts",639
"academy",638
"louisville",638
"comfort",638
"sight",637
"religion",637
"vegan",637
"sooner",637
"michelle",637
"countdown",637
"lovers",636
"connecting",636
"hated",635
"refuse",635
"arrive",635
"regarding",635
"era",635
"designs",635
"annoyed",634
"appropriate",634
"closet",634
"potter",634
"chicks",633
"republican",633
"fund",633
"yelling",632
"wouldnt",632
"dislike",632
"tues",632
"arrested",632
"kinds",631
"appreciation",631
"fascinating",631
"workin",630
"proverb",630
"producer",630
"childhood",629
"foul",629
"nerd",628
"patrick",627
"counts",627
"orders",627
"he'd",627
"rooting",627
"sexual",627
"lbs",627
"standards",626
"hun",626
"proper",626
"below",626
"drove",626
"script",625
"appointment",625
"jerk",624
"seasons",624
"entry",624
"stats",624
"brew",623
"headphones",623
"hype",623
"solutions",623
"emergency",623
"recorded",623
"life's",623
"franklin",623
"monkey",622
"hadn't",621
"chili",621
"trial",621
"kisses",621
"experiences",621
"reminded",620
"restaurants",620
"stays",620
"convinced",620
"stretch",620
"federal",620
"reaction",619
"property",618
"niall",618
"inner",618
"booty",618
"upgrade",618
"accidentally",618
"tribute",618
"gf",618
"20th",618
"promotion",618
"lion",617
"electric",617
"ted",617
"combo",617
"garage",617
"display",617
"crisis",616
"haircut",616
"chose",616
"spoke",615
"rd",615
"allows",615
"badass",614
"responsible",614
"racing",614
"treats",614
"exclusive",614
"outfit",613
"hurting",613
"ne",613
"german",613
"3pm",613
"blew",612
"mke",612
"cooler",612
"classroom",611
"salon",611
"somethin",611
"naw",611
"holds",610
"attended",610
"doll",610
"landed",610
"resource",609
"pc",609
"brad",609
"completed",609
"emotions",609
"flyers",609
"valuable",607
"environment",607
"throws",607
"damage",607
"fml",607
"strike",607
"broadcast",606
"wolf",606
"19th",606
"i’m",606
"intro",606
"herself",606
"coupon",605
"burgers",605
"ot",605
"she'll",604
"struggle",604
"ravens",604
"pepper",604
"disease",603
"hump",602
"stephen",602
"therapy",602
"seminar",602
"pancakes",602
"steelers",602
"badly",602
"scores",602
"ward",602
"confirmed",600
"exchange",600
"revolution",600
"seed",600
"tornado",600
"earn",600
"represent",600
"drag",600
"ruined",599
"le",599
"p.s",599
"whiskey",599
"clouds",598
"abuse",598
"tastes",598
"abc",598
"keynote",598
"networks",597
"ford",597
"streaming",597
"popcorn",597
"texted",597
"argue",596
"academic",596
"oakland",596
"whore",596
"rapper",595
"karaoke",595
"lecture",595
"log",595
"earned",595
"belt",595
"18th",595
"habit",594
"shipping",594
"participate",594
"aunt",594
"slide",594
"12th",594
"african",594
"plastic",594
"photography",594
"mvp",594
"snack",593
"arena",593
"prison",593
"il",593
"digging",593
"miracle",593
"treatment",593
"previous",592
"evidence",592
"soda",592
"rolls",592
"newt",592
"garbage",592
"hamilton",591
"organic",591
"discover",591
"jose",591
"spinning",591
"graphic",590
"cocktails",590
"cutest",589
"kate",589
"scenes",589
"appearance",589
"xbox",589
"auditions",589
"split",589
"dot",588
"playin",588
"complex",588
"toy",588
"lemme",588
"lit",588
"tigers",588
"bust",588
"kudos",588
"violence",587
"they'd",587
"lift",587
"showcase",587
"offered",587
"boxes",587
"2pm",587
"brady",587
"upload",586
"30am",586
"bummed",586
"professor",586
"drank",585
"device",585
"outs",585
"trail",585
"instant",585
"daniel",584
"filling",584
"mahomies",584
"pt",584
"penn",583
"depressing",583
"types",583
"areas",583
"imagination",583
"embarrassing",583
"indie",582
"mystery",582
"mid",582
"walls",581
"ralph",581
"hoo",581
"village",580
"cam",580
"sxsw",580
"wrapped",580
"dealing",580
"prizes",580
"avatar",580
"nw",580
"caring",580
"carpet",580
"myspace",580
"motion",580
"kc",580
"chief",579
"collaboration",579
"websites",579
"laws",579
"label",579
"kyle",579
"remove",579
"pounds",578
"you’re",578
"finds",578
"mon",578
"remix",578
"sources",577
"thnx",577
"tweeters",577
"hangover",577
"efforts",577
"fever",577
"farmers",577
"jennifer",576
"jeremy",576
"jumping",576
"pays",575
"bonus",575
"indian",574
"man's",574
"delivered",574
"hats",574
"western",574
"hiding",573
"challenges",573
"charlotte",573
"precious",573
"thus",573
"pathetic",573
"hosted",573
"thirsty",573
"fa",572
"ish",572
"forced",572
"designed",571
"woah",571
"boobs",571
"guns",571
"editor",571
"jake",571
"10am",570
"masters",570
"burned",570
"cousins",570
"deleted",570
"unschooling",570
"savings",569
"unbelievable",569
"complicated",569
"nicely",569
"racist",569
"expectations",569
"association",568
"yolo",567
"sides",567
"sounded",567
"covering",567
"dentist",567
"carter",567
"scratch",566
"escape",566
"loop",566
"prime",565
"ditto",565
"bros",565
"gps",564
"randomly",564
"rings",564
"television",563
"rage",563
"terrific",562
"booking",562
"pig",562
"donation",562
"repair",562
"acts",562
"wore",561
"philadelphia",561
"worship",560
"entered",560
"income",560
"comeback",559
"mornings",559
"hardly",559
"topics",559
"activities",559
"studios",559
"emily",559
"contacts",558
"greek",558
"tend",558
"enemy",558
"cowboys",558
"allergies",558
"voices",558
"measure",557
"drives",557
"dunno",556
"bucket",556
"bowling",556
"pen",556
"embrace",555
"teens",554
"mcdonalds",554
"stressed",554
"located",554
"auction",554
"pres",554
"bloody",553
"select",552
"brands",552
"men's",552
"opinions",552
"lewis",551
"minnesota",551
"recipes",551
"bra",551
"pleased",550
"factory",550
"item",550
"solve",549
"robin",549
"16th",549
"highlight",549
"copic",549
"pumpkin",548
"rainbow",548
"cultural",548
"cereal",548
"md",547
"foster",547
"treating",547
"wealth",547
"tables",546
"jewelry",546
"selena",546
"strawberry",546
"eastern",546
"fights",546
"insight",546
"chelsea",545
"apt",545
"yahoo",545
"hahahah",545
"screwed",545
"rarely",544
"outdoor",544
"offensive",544
"responsibility",544
"graduating",544
"sample",544
"essay",544
"context",544
"adams",544
"connections",543
"sneak",543
"#follow",543
"dessert",543
"storms",542
"brave",542
"champagne",541
"sunset",541
"leap",541
"desperate",541
"boot",541
"karma",541
"task",540
"latin",540
"tomato",540
"surely",539
"wknd",539
"dust",539
"raising",539
"suicide",538
"occupy",538
"seniors",538
"playlist",538
"lottery",537
"blackberry",537
"files",537
"clever",536
"hahahahaha",536
"hunting",536
"gods",536
"knocked",536
"interactive",535
"happier",535
"dawn",535
"hooked",535
"dept",534
"wats",534
"misses",533
"earthquake",533
"humans",533
"cbs",533
"native",532
"reward",532
"sh",532
"locations",532
"sub",532
"mavs",532
"ann",532
"volume",532
"halftime",532
"yogurt",531
"encourage",531
"superbowl",531
"tee",531
"rumors",531
"pitching",531
"ghetto",531
"recommendation",530
"elite",530
"peoples",530
"freezing",530
"pilot",530
"inc",530
"anderson",529
"baked",529
"membership",529
"colts",529
"kitty",528
"roger",528
"publishing",528
"readers",528
"invented",528
"division",528
"11am",528
"forecast",528
"nightmare",528
"tmrw",528
"bone",528
"largest",527
"foreign",527
"cupcake",527
"alumni",527
"ashley",527
"addition",527
"borrow",527
"committed",527
"luke",527
"meets",527
"accomplished",526
"absolute",526
"lightning",526
"requires",526
"crappy",526
"vid",525
"nhl",525
"smash",525
"fridge",525
"flag",524
"champions",524
"iowa",524
"cal",524
"scale",524
"lists",524
"ale",524
"diff",524
"meh",523
"swift",523
"wicked",523
"visual",522
"traditional",522
"addiction",522
"wheel",522
"bee",521
"eaten",521
"14th",521
"supporters",521
"ew",521
"jet",521
"mahone",520
"thin",520
"pit",520
"treated",520
"hooray",519
"adele",519
"danny",519
"hung",519
"lover",519
"ginger",519
"pops",519
"shock",519
"mate",518
"idiots",518
"fort",518
"wk",518
"compare",518
"sausage",518
"prof",517
"dragon",517
"5k",517
"champion",517
"reader",517
"experienced",517
"registered",517
"bunny",517
"athletes",516
"proposal",516
"bin",516
"excuses",516
"conf",516
"iii",516
"cnn",515
"healthcare",515
"nephew",515
"rooms",515
"depressed",515
"yell",515
"edwardsville",515
"officer",514
"bones",514
"dvr",514
"reaching",514
"hail",514
"investment",514
"grades",514
"nicki",513
"published",513
"performances",513
"relief",512
"professionals",512
"sand",512
"sang",512
"thinkin",511
"mia",511
"resolution",511
"engage",510
"laughs",510
"ink",510
"rumor",510
"tequila",509
"soundtrack",509
"vampire",509
"function",509
"amazed",509
"blank",509
"discovery",509
"odds",509
"eagles",509
"ahaha",508
"maryland",508
"define",508
"blows",508
"disgusting",508
"fridays",507
"vintage",507
"returns",507
"ac",507
"secrets",507
"republicans",507
"world's",507
"bubble",507
"11th",507
"alternative",506
"couldnt",506
"timing",506
"gum",506
"pens",506
"roses",506
"australia",506
"lip",505
"particular",505
"handsome",505
"delayed",505
"samples",505
"managed",504
"plain",504
"agenda",504
"chatting",504
"ignorant",504
"hd",504
"ninja",503
"belong",503
"aside",503
"ceremony",503
"bow",502
"cont",502
"laid",502
"worthy",502
"toys",502
"japanese",501
"blogging",501
"poop",501
"dammit",501
"magical",501
"downloaded",501
"continued",501
"bake",501
"browns",500
"dunk",500
"applications",500
"squad",499
"titanic",499
"zumwalt",499
"aim",498
"reads",498
"mtv",498
"could've",498
"freshman",498
"polish",498
"frustrating",498
"capitol",498
"providing",497
"lauren",497
"shades",497
"lawn",497
"startup",497
"monthly",496
"developing",496
"iconic",496
"tone",495
"routine",495
"stat",495
"baking",495
"banks",495
"9am",495
"shaking",495
"communities",495
"trends",495
"france",495
"begun",494
"braun",494
"prevent",494
"therefore",494
"requests",494
"rad",494
"computers",494
"thousands",494
"oklahoma",494
"technical",493
"convince",493
"pre",493
"lighting",493
"exams",492
"nine",492
"ky",492
"dd",492
"doug",492
"tgif",492
"pete",492
"invest",492
"stampin",492
"jane",491
"profit",491
"chasing",491
"mouse",491
"pillow",491
"eats",491
"divorce",491
"whew",491
"supports",490
"sponsors",490
"fails",490
"rec",490
"penis",490
"potatoes",489
"visited",489
"concerts",489
"confusing",489
"whip",489
"dish",489
"realizing",488
"dads",488
"17th",488
"1pm",488
"cincinnati",488
"bash",488
"extreme",488
"commitment",487
"smaller",487
"streak",487
"aid",487
"employee",487
"pasta",487
"alabama",487
"apologies",486
"jumped",486
"iced",486
"actress",486
"goodmorning",486
"disaster",486
"upper",485
"dev",485
"jelly",485
"cheering",485
"hidden",485
"cricut",485
"minor",484
"todd",484
"sundays",484
"engaged",484
"loaded",484
"destroy",484
"breast",484
"liquor",484
"jury",484
"cole",483
"participating",483
"mercy",483
"cases",483
"mayweather",483
"wing",483
"shuttle",483
"dresses",482
"majority",482
"ta",482
"liberty",482
"injuries",482
"require",482
"skill",481
"sweep",481
"constant",481
"thang",481
"trucks",481
"loyal",481
"owned",481
"promoting",480
"essential",480
"lions",480
"cloudy",480
"russell",480
"casino",480
"typing",480
"strangers",480
"tn",480
"toes",480
"museums",480
"sudden",479
"practices",479
"gate",479
"sticks",479
"ff",479
"hundred",479
"mega",479
"fundraiser",478
"cheating",478
"palm",478
"italy",478
"correctly",478
"fuel",477
"importance",477
"rising",477
"sharp",477
"breathing",477
"returning",476
"patrick's",476
"tracking",475
"confident",475
"reserve",475
"fortune",475
"supply",475
"experts",474
"springs",474
"referring",474
"doctors",474
"albums",474
"typical",474
"universal",474
"folk",474
"veterans",474
"blocks",473
"mario",473
"toe",473
"junk",473
"kindness",473
"dancers",473
"consumer",473
"inspirational",472
"hows",472
"t-shirts",472
"sup",472
"gmail",472
"liam",472
"olive",472
"thick",472
"____",471
"stealing",471
"photographer",470
"greatness",470
"destination",470
"hater",470
"effects",470
"voters",470
"correction",470
"00pm",470
"diamond",470
"spelling",470
"accomplish",470
"metrohealth",470
"shown",469
"atleast",469
"archives",469
"stfu",469
"greatly",469
"lawyer",469
"designers",469
"burrito",468
"bitter",468
"hw",468
"humble",468
"80s",468
"sake",468
"values",468
"firstly",468
"tattoos",467
"journalism",467
"canceled",467
"programming",467
"craig",467
"worlds",466
"sincerely",466
"bedroom",466
"matthew",466
"mtg",466
"sons",466
"opener",466
"crib",466
"knees",465
"sandwiches",465
"messing",465
"cutie",465
"introduce",465
"pats",465
"happiest",464
"batman",464
"stunning",464
"prolly",464
"wears",464
"dean",464
"hometown",464
"format",464
"clutch",464
"thrown",464
"assistant",463
"colleagues",463
"cuddle",463
"perfection",463
"bb",463
"sporting",463
"criminal",463
"limits",463
"normally",463
"con",463
"carl",463
"tries",463
"privacy",462
"keith",462
"donald",462
"forth",462
"bump",462
"bugs",462
"separate",462
"eddie",461
"ikr",461
"den",461
"countries",461
"parks",461
"en",461
"org",461
"storage",461
"eight",461
"copics",461
"randy",460
"judging",460
"trips",460
"crossing",460
"waited",460
"mint",459
"citizens",459
"priceless",459
"shining",459
"wa",459
"fireworks",458
"shy",458
"shrimp",458
"amp",458
"india",458
"jamie",458
"mn",458
"rondo",458
"#packers",458
"del",458
"snacks",458
"laughter",457
"joseph",457
"else's",457
"illinois",457
"maria",457
"username",457
"rewards",457
"caffeine",457
"anna",456
"powers",456
"indianapolis",456
"dishes",456
"pirates",456
"roommate",456
"docs",456
"tf",455
"extended",455
"cheat",455
"moore",455
"90s",455
"refreshing",454
"struggling",454
"lax",454
"creek",454
"dining",454
"ma'am",454
"basement",454
"shadow",454
"steven",454
"bball",454
"answered",454
"couples",453
"spoken",453
"plug",453
"stare",453
"flu",453
"germany",453
"floyd",453
"bullying",453
"richmond",453
"accepting",452
"darling",452
"posters",452
"highlights",452
"geez",452
"kenny",452
"whoop",452
"affect",452
"ignorance",451
"remembering",451
"scare",451
"windy",451
"suspect",451
"meals",451
"showers",451
"collins",451
"devices",451
"forms",451
"#twitter",451
"nm",451
"reform",451
"motivated",450
"trainer",450
"monica",450
"temple",450
"jewish",450
"brewing",450
"reporter",450
"purchased",450
"stairs",449
"dolphins",449
"spicy",449
"curse",449
"guarantee",449
"fee",449
"segment",449
"susan",448
"frustrated",448
"carlos",448
"manhattan",448
"crown",448
"gotcha",448
"checkout",447
"practicing",447
"darkness",447
"slut",447
"housing",447
"zombies",447
"acoustic",447
"paradise",447
"ftw",447
"reduce",447
"anne",447
"einstein",446
"heights",446
"wordpress",446
"mane",446
"markets",446
"ole",446
"loses",446
"identity",446
"neuman",446
"bean",445
"30th",445
"america's",445
"dirt",445
"admission",445
"returned",445
"seau",444
"pdx",444
"automatically",444
"fishing",444
"bracket",444
"starving",443
"hustle",443
"patients",443
"informed",443
"royal",443
"flies",443
"recruiting",443
"pastor",443
"retweets",443
"http",443
"geek",443
"worldwide",443
"keyboard",443
"submitted",443
"retweeted",442
"seo",442
"adventures",442
"muscle",442
"entirely",442
"crawl",442
"oz",442
"whom",441
"thumbs",441
"spa",441
"suite",441
"shark",441
"megan",441
"scoring",441
"claims",441
"titles",440
"understood",440
"snowing",440
"that'll",440
"dressing",440
"neat",440
"pacific",440
"tanning",439
"trading",439
"katy",439
"reported",439
"protest",439
"25th",439
"listed",439
"wherever",439
"comp",439
"trap",439
"backwards",438
"boxing",438
"ankle",438
"bounce",438
"forest",438
"launching",438
"wines",438
"believes",438
"mixing",438
"replay",438
"announces",438
"heh",438
"mee",437
"desert",437
"cleaned",437
"brotha",437
"allowing",437
"executive",437
"glorious",437
"bff",436
"crystal",436
"madonna",436
"clip",436
"pouring",436
"bold",436
"coat",435
"scholarship",435
"champ",435
"roots",435
"donna",435
"exit",435
"derek",434
"vanilla",434
"copies",434
"caused",434
"touched",434
"houses",434
"useless",434
"obama's",434
"valentine",434
"yah",434
"sings",434
"fits",434
"internship",433
"rookie",433
"historical",433
"agents",433
"pros",433
"clinic",433
"cus",433
"donations",433
"coconut",433
"warped",433
"kit",433
"residents",433
"benjamin",433
"flights",433
"rihanna",433
"hoops",432
"determined",432
"recommended",432
"funds",432
"sour",432
"category",432
"authors",432
"vehicle",432
"blasting",432
"twilight",431
"retail",431
"fucks",431
"se",431
"vinyl",431
"unfollowed",431
"intern",430
"ashamed",430
"clubs",430
"imo",430
"promised",430
"styles",430
"smoked",429
"clown",429
"soap",429
"can’t",428
"choir",428
"suspended",428
"unit",428
"lemonade",427
"generally",427
"elevator",427
"presentations",427
"finest",427
"intelligence",427
"compete",427
"variety",427
"booze",427
"eli",426
"sm",426
"minus",426
"panic",426
"producers",426
"arent",426
"mighty",425
"mill",425
"replied",425
"nerves",425
"spain",425
"laura",425
"carrying",425
"buck",425
"seeds",425
"awesomeness",425
"harris",424
"strikes",424
"healing",424
"douche",424
"revenge",424
"causes",424
"ck",423
"began",423
"mets",423
"thee",423
"spray",423
"launched",423
"listing",423
"forgetting",422
"burns",422
"hart",422
"lin",422
"loan",422
"affordable",422
"kanye",422
"attendees",421
"unexpected",421
"organizing",421
"katie",421
"ct",421
"marks",421
"advanced",421
"anthem",421
"jen",421
"thai",420
"granted",420
"equipment",420
"niece",420
"materials",420
"avenue",420
"canadian",420
"spice",419
"institute",419
"releases",419
"linked",419
"programmes",419
"assuming",418
"alike",418
"engine",418
"busted",418
"slam",418
"slice",418
"religious",418
"opera",418
"rescue",417
"chrome",417
"snl",417
"joking",417
"dylan",417
"charged",417
"empire",417
"aug",417
"rsvp",416
"conditions",416
"castle",416
"updating",416
"#chicago",416
"cakes",415
"griffin",415
"retarded",415
"answering",415
"hipster",415
"goat",415
"receiving",414
"casey",414
"hangout",414
"tavern",414
"ironic",414
"ducks",414
"possibility",414
"invisible",414
"provides",413
"killin",413
"sweater",413
"partying",413
"ustream",413
"lifestyle",413
"underway",413
"parker",413
"threat",413
"hmmm",413
"nicole",412
"promises",412
"lean",412
"uw",412
"cinnamon",412
"basis",412
"dip",412
"url",412
"hunterdon",412
"legacy",411
"fo",411
"garlic",411
"remote",411
"lobby",411
"ken",411
"joel",411
"devils",411
"chipotle",410
"lied",410
"romantic",410
"properly",410
"microsoft",410
"stack",410
"bum",409
"drums",409
"remains",409
"pin",409
"romance",409
"roads",409
"unlimited",409
"wth",408
"plaza",408
"choosing",408
"cart",408
"nola",408
"emailed",408
"innovative",408
"explore",408
"footage",408
"nate",407
"holes",407
"refer",407
"wallet",407
"pitcher",407
"elementary",407
"hash",407
"cups",407
"sweetest",407
"bosh",407
"shave",407
"simon",407
"kay",407
"diversity",407
"presented",406
"wheels",406
"anonymous",406
"drum",406
"excellence",406
"sin",406
"suffer",406
"transfer",405
"govt",405
"navy",405
"gurl",405
"believing",405
"pound",405
"offices",405
"beastie",405
"cum",405
"survived",404
"nelson",404
"emerson",404
"o's",404
"feat",404
"spider",404
"verizon",404
"courses",404
"cents",404
"fry",404
"stolen",404
"fred",404
"lick",404
"asses",403
"pets",403
"defensive",403
"#nfl",403
"developer",403
"heroes",403
"chosen",403
"destiny",403
"suffering",402
"innings",402
"oak",402
"retweeting",402
"pushed",402
"branch",402
"maker",401
"backup",401
"spotted",401
"amanda",401
"vagina",401
"conservative",401
"dale",401
"cycle",400
"autism",400
"joey",400
"handed",400
"wire",400
"braces",400
"medium",400
"produced",400
"judges",399
"logic",399
"replaced",399
"bravo",399
"knight",399
"selected",399
"combination",399
"witness",398
"mcdonald's",398
"psyched",398
"codes",398
"#followfriday",398
"hurricane",398
"fist",398
"belated",398
"announcing",398
"founder",398
"simpson",398
"torn",398
"halfway",398
"soooo",398
"saucepan",398
"presidential",397
"td",397
"gt",397
"shoulda",397
"flower",397
"lmaoo",397
"combined",397
"disappointing",397
"alan",397
"whos",397
"ios",396
"quiz",396
"oral",396
"thrones",396
"bond",396
"enemies",396
"smarter",396
"crab",396
"certified",396
"bella",396
"dh",396
"wrestling",396
"somewhat",396
"beliebers",396
"tennessee",396
"accurate",396
"terry",396
"ellen",396
"zimmerman",396
"jean",395
"commit",395
"minneapolis",395
"laker",395
"roller",395
"www.facebook.com",395
"phase",394
"agreement",394
"brush",394
"columbia",394
"releasing",394
"defeat",394
"roy",394
"grammar",394
"locker",394
"jamming",394
"rape",394
"onion",394
"pimp",394
"na",394
"tablet",394
"cheaper",393
"betty",393
"bryan",393
"smack",393
"marshall",393
"ian",393
"roasted",392
"nonsense",392
"peaceful",392
"pg",392
"viewing",392
"singers",392
"24th",392
"lolz",392
"wives",392
"fm",392
"citizen",392
"spellbinders",392
"attendance",391
"galaxy",391
"resist",391
"ban",391
"friend's",391
"vibe",391
"stuffed",391
"tradition",391
"underwear",391
"lime",390
"obsession",390
"wells",390
"latte",390
"blunt",390
"gearing",390
"pal",390
"overtime",389
"th",389
"fallen",389
"enthusiasm",389
"injured",389
"jefferson",389
"situations",389
"mars",388
"archive",388
"adore",388
"champs",388
"creates",388
"luckily",388
"alley",388
"kennedy",388
"workouts",388
"cracking",388
"urge",388
"julie",387
"phenomenal",387
"admin",387
"inn",387
"equality",387
"twist",387
"basket",387
"anxiety",386
"clap",386
"lawyers",386
"adds",386
"camping",386
"arguing",386
"yess",386
"waldo",385
"penny",385
"how'd",385
"relate",385
"mil",385
"that'd",385
"unlike",385
"elizabeth",385
"tower",385
"thou",385
"jb",384
"yelled",384
"vikings",384
"spit",384
"oprah",384
"hired",384
"upstairs",384
"hannah",384
"governor",384
"hulk",384
"lap",384
"hoodie",384
"sweetheart",384
"dedication",383
"sb",383
"printed",383
"vancouver",383
"stewart",383
"spelled",383
"mob",383
"ace",383
"tweeter",383
"tommy",383
"meetup",383
"pan",383
"volleyball",382
"liar",382
"uncomfortable",382
"rides",382
"challenging",382
"cancel",382
"directions",382
"exhibition",381
"funeral",381
"exists",381
"bloggers",381
"switching",381
"switched",381
"fixing",380
"decade",380
"8am",380
"ordering",380
"hav",380
"supplies",380
"acceptable",380
"removed",380
"victim",380
"margarita",380
"ik",379
"inches",379
"visitors",379
"fwd",379
"christopher",379
"penalty",379
"checks",379
"sunglasses",379
"virgin",379
"tab",378
"insights",378
"oven",378
"brutal",378
"confirm",378
"waves",378
"possibilities",378
"concern",378
"#thevoice",378
"psalm",377
"boost",377
"warren",377
"spare",377
"butler",377
"ceiling",377
"gen",377
"maintenance",377
"amber",376
"russian",376
"directed",376
"description",376
"applied",376
"pretending",376
"wrapping",376
"determine",376
"badge",376
"partnership",376
"israel",375
"passionate",375
"historic",375
"overnight",375
"engaging",375
"victims",375
"various",375
"newspaper",375
"cowboy",375
"ily",374
"spaces",374
"underground",374
"ego",374
"sticking",374
"significant",374
"hmu",374
"tooth",374
"toronto",374
"commission",374
"sooo",374
"backyard",373
"specifically",373
"yards",373
"facial",373
"pour",373
"wright",373
"shout-out",373
"unreal",373
"amendment",373
"deeply",373
"midwest",373
"heal",373
"pearl",373
"tribe",372
"gossip",372
"impression",372
"lou",372
"supported",372
"#shoutout",372
"region",372
"stressful",371
"bynum",371
"todays",371
"sober",371
"sticker",371
"explode",371
"rappers",371
"individuals",371
"organized",371
"tours",371
"retirement",371
"attached",371
"explains",371
"safely",371
"mca",371
"salute",371
"apples",371
"attorney",370
"turner",370
"protection",370
"karen",370
"length",370
"assist",370
"naturally",370
"installed",370
"brooks",370
"machines",370
"saves",370
"mikey",370
"improved",370
"poppin",370
"positions",370
"greet",370
"runners",370
"2morrow",369
"liberal",369
"interviewed",369
"northern",369
"officials",369
"vibes",369
"revenue",369
"blvd",369
"appeal",369
"nancy",369
"portfolio",368
"espresso",368
"belief",368
"collective",368
"wireless",368
"fears",368
"kissing",368
"regional",368
"havin",368
"thompson",368
"donated",367
"developers",367
"wassup",367
"sc",367
"awsome",367
"premier",367
"horses",367
"maps",367
"reds",367
"humanity",367
"rub",367
"habits",367
"lo",366
"flawless",366
"intelligent",366
"commute",366
"achievement",366
"nevermind",366
"#teamfollowback",366
"shoulders",366
"pickup",366
"stations",366
"spotify",366
"condition",366
"larger",366
"brick",366
"hundreds",366
"grandpa",366
"dancer",366
"ops",366
"overheard",365
"loll",365
"iu",365
"ideal",365
"bakery",365
"motto",365
"permanent",365
"bid",365
"brains",365
"bodies",365
"replacement",365
"examples",364
"cabin",364
"zach",364
"daughters",364
"highway",364
"shelter",364
"traded",364
"install",364
"failing",364
"clinton",364
"debating",364
"mentally",364
"gala",364
"interviewing",363
"ignoring",363
"veggie",363
"prior",363
"bk",363
"protein",363
"newsletter",363
"gender",363
"tail",363
"barry",363
"miserable",362
"introduced",362
"eagle",362
"policies",362
"flavors",362
"elected",362
"plot",362
"discounts",362
"existence",362
"evans",362
"loyalty",362
"upside",362
"races",362
"zayn",362
"supreme",362
"indians",362
"dozen",362
"bersih",362
"robot",361
"maintain",361
"saint",361
"demi",361
"vp",361
"responded",361
"gathering",361
"rains",361
"surprising",360
"poised",360
"shoots",360
"bites",360
"28th",360
"#imagine",360
"enjoyable",360
"wikipedia",360
"abs",360
"pump",360
"clay",360
"salmon",360
"method",360
"particularly",360
"albuquerque",359
"theyre",359
"boards",359
"selfish",359
"sends",359
"wasting",359
"blazers",359
"spiritual",359
"assignment",359
"gal",359
"courtesy",359
"rental",359
"landing",358
"macbook",358
"jonathan",358
"#superbowl",358
"porch",358
"sarcasm",358
"provided",358
"gingrich",358
"reservations",358
"likewise",358
"rocky",358
"harper",358
"rack",357
"mask",357
"chemistry",357
"expand",357
"ties",357
"cameras",357
"wondered",357
"#love",356
"endless",356
"broad",356
"burnt",356
"mornin",356
"cooper",356
"approved",356
"lololol",356
"worn",356
"gates",356
"muscles",356
"np",355
"faithful",355
"stalking",355
"heyy",355
"gordon",355
"defend",355
"steel",355
"mustache",355
"pointless",355
"mines",355
"turnout",355
"reverse",354
"maine",354
"bein",354
"olds",354
"ebay",354
"verse",354
"priority",354
"vinny",354
"runner",354
"depression",354
"fellas",354
"cardio",353
"capacity",353
"buffet",353
"berry",353
"charges",353
"chamber",353
"barnes",353
"poem",353
"pleasant",353
"que",352
"cds",352
"cent",352
"port",352
"cooked",352
"sonic",352
"irony",352
"domestic",352
"luther",352
"olympics",352
"insanity",351
"input",351
"wonders",351
"ipa",351
"tucson",351
"marc",351
"osu",351
"rodgers",351
"23rd",351
"jesse",351
"surprisingly",351
"melissa",351
"shits",351
"nut",351
"charger",351
"chop",351
"purse",351
"clips",350
"prepping",350
"musician",350
"shops",350
"rolled",350
"sacramento",350
"differently",350
"knife",350
"skate",350
"#facebook",350
"un",349
"technically",349
"twitterverse",349
"#caps",349
"ref",349
"slip",349
"#nba",349
"authentic",349
"vince",349
"danger",349
"continuing",349
"needa",349
"population",349
"improvement",349
"ughh",348
"leather",348
"embarrassed",348
"deny",348
"wr",348
"frame",348
"envy",348
"buddies",347
"certificate",347
"uniform",347
"11pm",347
"reps",347
"packer",347
"touching",347
"dad's",347
"preach",347
"admire",347
"fog",347
"ease",346
"vet",346
"humanities",346
"stood",346
"joshua",346
"climb",346
"veggies",346
"harbor",346
"afterwards",346
"responding",346
"bestie",346
"6am",346
"emotion",346
"lsu",345
"blogger",345
"margaritas",345
"26th",345
"column",345
"database",344
"shares",344
"educational",344
"d.c",344
"poverty",344
"assembly",344
"#milwaukee",344
"os",344
"hbo",344
"cardinals",343
"lb",343
"wished",343
"blanket",343
"jacob",343
"amazingly",343
"plants",343
"improv",343
"hardcore",342
"rochester",342
"string",342
"gap",342
"chad",342
"closes",342
"bully",342
"tire",342
"fairly",342
"bourbon",342
"depending",342
"sen",341
"copyright",341
"analytics",341
"outcome",341
"bikes",341
"taxi",341
"productivity",341
"comics",341
"#yankees",341
"focusing",341
"ho",341
"franchise",341
"lamb",341
"fifth",340
"honesty",340
"tops",340
"warming",340
"beware",340
"acct",340
"organizations",340
"pole",340
"jonas",340
"approval",340
"predict",340
"assholes",340
"grading",340
"government’s",340
"experiment",339
"closest",339
"hammer",339
"ala",339
"genre",339
"melo",339
"approve",339
"unc",339
"meds",339
"interests",339
"necessarily",339
"jacksonville",339
"mentor",339
"shadows",339
"rogers",339
"thursdays",339
"grove",339
"resident",338
"lasts",338
"sink",338
"brownies",338
"wwe",338
"#believe",338
"regularly",338
"gratitude",338
"strategic",338
"sue",338
"impress",338
"nathan",338
"tonights",338
"suggested",337
"mortgage",337
"grows",337
"i.e",337
"driven",337
"developed",337
"yesterday's",337
"offended",337
"european",337
"drummer",337
"creator",336
"desktop",336
"sacrifice",336
"spectacular",336
"beyonce",336
"#20thingsaboutme",336
"ranch",336
"guaranteed",336
"entrepreneurs",336
"winds",335
"brazil",335
"politicians",335
"heritage",335
"headline",335
"popped",335
"authority",335
"placed",335
"gospel",335
"newark",335
"vocal",335
"#boyfriend",335
"extension",334
"mentioning",334
"ll",334
"legendary",334
"starring",334
"alpha",334
"deeper",334
"stepped",334
"oatmeal",334
"ab",334
"capable",334
"hay",334
"kurt",334
"haiti",334
"bridgeton",334
"sounding",333
"ripped",333
"queens",333
"gentleman",333
"les",333
"liz",333
"ariana",333
"fairy",333
"coupons",333
"trayvon",333
"neil",333
"awh",332
"ancient",332
"stanley",332
